"","Activity","Description","Options","Scoring","Identifier","Parent","Collapse","Repeating","Recursion","ChecklistTitle","ChecklistDescription","BookReference","stepEd1","stepEd2","stepEd3","stepEd4"
"1","Intervention",NA,NA,NA,"intervention",NA,NA,NA,NA,NA,NA,NA,NA,NA,NA,NA
"2","Recursion",NA,NA,NA,"recursion",NA,NA,NA,NA,NA,NA,NA,NA,NA,NA,NA
"3","STEP 1",NA,NA,NA,NA,NA,NA,NA,NA,NA,NA,NA,NA,NA,NA,NA
"4","Participatory Planning Group",NA,NA,NA,"ppg","intervention",NA,NA,NA,"Participatory Planning Group",NA,NA,NA,NA,NA,NA
"5","Establish participatory planning group (PPG)","Here, code whether there is any indication that information was gathered from members external to the intervention developers and researchers.","NA, 1, 2, 3","Not reported (NA), reported as untrue without justification (1), reported as untrue and justified (2), reported as true (3)","established","ppg",NA,FALSE,NA,"Did you establish a participatory planning group (PPG)?","A participatory planning group is ...","214",NA,1,1,1
"6","Expertise and representation in the PPG",NA,NA,NA,"expertise","ppg",NA,NA,NA,"Eerste subkopje",NA,NA,NA,NA,NA,NA
"7","PPG contains expertise in the health problem and its causes","Any indication that effort was invested to recruit one or more experts in the relevant health issue/problem/disease.","NA, 1, 2, 3","Not reported (NA), reported as untrue without justification (1), reported as untrue and justified (2), reported as true (3)","healthProblem","expertise",NA,FALSE,NA,"Tweede naam","En nog meer beschrijving","Pagina bla",NA,NA,NA,NA
"8","Secure at least one target population member (or target population experts/proxy) in PPG","Any indication that effort was invested to recruit one or more target population members","NA, 1, 2, 3","Not reported (NA), reported as untrue without justification (1), reported as untrue and justified (2), reported as true (3)","targetPopulation","expertise",NA,FALSE,NA,NA,NA,NA,NA,NA,NA,NA
"9","PPG contains diverse perspectives from the target population","Any indication that effort was invested to prevent the PPG from only containing people that are very positively indisposed towards the intervention (e.g. people who proactively offer their participation, such as very enthusiastic volunteers).","NA, 1, 2, 3","Not reported (NA), reported as untrue without justification (1), reported as untrue and justified (2), reported as true (3)","diversePerspectives","expertise",NA,FALSE,NA,NA,NA,NA,NA,1,1,1
"10","Secure at least one prospective implementer in PPG (if applicable)","Any indication that effort was invested to recruit one or more prospective implementers","NA, 1, 2, 3","Not reported (NA), reported as untrue without justification (1), reported as untrue and justified (2), reported as true (3)","implementer","expertise",NA,FALSE,NA,NA,NA,NA,NA,1,1,1
"11","Secure at least one stakeholder in PPG (if applicable)","Any indication that effort was invested to recruit one or more stakeholders. A stakeholder is defined as any individual or organisation that has one or more of power, legitimacy and urgency. Power is defines as formal authority or control. Legitimacy means that the stakeholder is acting in compliance with social norms and expectations. Urgency implies that the stakeholder calls for immediate attention.","NA, 1, 2, 3","Not reported (NA), reported as untrue without justification (1), reported as untrue and justified (2), reported as true (3)","stakeholder","expertise",NA,FALSE,NA,NA,NA,NA,NA,1,1,1
"12","Populations",NA,NA,NA,"population","intervention",NA,NA,NA,NA,NA,NA,NA,NA,NA,NA
"13","Define at-risk population","Any description of the at-risk population (the population that will benefit from this intervention) that clearly describes the population in terms of a combination of characteristics, e.g. age, gender, etc","NA, 1","Not reported (NA), reported (1)","atRisk","population",NA,FALSE,NA,NA,NA,NA,NA,NA,NA,NA
"14","Define target population (will often be the same as the at-risk population)","Any description of the target population (the focal population of this intervention) that clearly describes the population in terms of a combination of characteristics, e.g. age, gender, etc","NA, 1","Not reported (NA), reported (1)","target","population",NA,FALSE,NA,NA,NA,NA,NA,1,1,1
"15","Logic model of the problem",NA,NA,NA,"problemLogicModel","intervention",NA,NA,NA,NA,NA,NA,NA,NA,NA,NA
"16","Logic model of the problem: variables",NA,NA,NA,"problemLogicModel_vars","problemLogicModel",NA,NA,NA,NA,NA,NA,NA,NA,NA,NA
"17","Logic model of the problem: links",NA,NA,NA,"problemLogicModel_links","problemLogicModel",NA,NA,NA,NA,NA,NA,NA,NA,NA,NA
"18","Quality of Life of at-risk population",NA,NA,NA,"atRiskPop_QOL","problemLogicModel_vars",NA,NA,NA,NA,NA,NA,NA,NA,NA,NA
"19","Define Quality of Life of at-risk population","Description of the most relevant variable(s) that comprise Quality of Life for this at-risk population","NA, 1","Not reported (NA), reported without clear definitions of the variables (1), reported including clear definitions of the variables (2)","atRiskPop_QOL_def","atRiskPop_QOL",NA,FALSE,NA,NA,NA,NA,NA,NA,NA,NA
"20","(Health) problem(s) of at-risk population",NA,NA,NA,"atRiskPop_healthProb","problemLogicModel_vars",NA,NA,NA,NA,NA,NA,NA,NA,NA,NA
"21","Define (health) problem(s) of at-risk population","Description of the (health) problem(s) of the at-risk population that this intervention targets","NA, 1","Not reported (NA), reported (1)","atRiskPop_healthProb_def","atRiskPop_healthProb",NA,FALSE,NA,NA,NA,NA,NA,1,1,1
"22","Undesirable behavior(s) of target population",NA,NA,NA,"targetPop_undBeh","problemLogicModel_vars",NA,NA,NA,NA,NA,NA,NA,NA,NA,NA
"23","Define undesirable behavior(s) of target population","Any description of behavior(s) of the target population(s) that are undesirable in light of the health problem(s) of the at-risk population","NA, 1","Not reported (NA), reported (1)","targetPop_undBeh_def","targetPop_undBeh",NA,FALSE,NA,NA,NA,NA,NA,1,1,1
"24","Environmental factors of at-risk population",NA,NA,NA,"envFact","problemLogicModel_vars",NA,NA,NA,NA,NA,NA,NA,NA,NA,NA
"25","Environmental factors contributing to problem(s)",NA,NA,NA,"atRiskPop_envFact_healthProb","envFact","OR",NA,NA,NA,NA,NA,NA,NA,NA,NA
"26","Define environmental factors contributing to problem(s)","Any description of environmental factor(s) that contribute to the health problem(s) of the at-risk population","NA, 1","Not reported (NA), reported (1)","atRiskPop_envFact_healthProb_def","atRiskPop_envFact_healthProb",NA,FALSE,NA,NA,NA,NA,NA,1,1,1
"27","Environmental factors contributing to QOL",NA,NA,NA,"atRiskPop_envFact_QOL","envFact","OR",NA,NA,NA,NA,NA,NA,NA,NA,NA
"28","Define environmental factors contributing to QOL","Any description of environmental factor(s) that degrade the quality of life of the at-risk population","NA, 1","Not reported (NA), reported (1)","atRiskPop_envFact_QOL_def","atRiskPop_envFact_QOL",NA,FALSE,NA,NA,NA,NA,NA,1,1,1
"29","Environmental factors contributing to undesirable behavior",NA,NA,NA,"targetPop_envFact_undBeh","envFact","OR",NA,NA,NA,NA,NA,NA,NA,NA,NA
"30","Define environmental factors contributing to undesirable behavior","Any description of environmental factor(s) that contribute to the undesirable behavior(s) of the target population","NA, 1","Not reported (NA), reported (1)","targetPop_envFact_undBeh_def","targetPop_envFact_undBeh",NA,NA,NA,NA,NA,NA,NA,NA,NA,NA
"31","Justify (health) problem(s)-Quality of Life link(s)","Any explanation of the causal relationship between the (health) problem(s) of the at-risk population and the Quality of Life of the at-risk population","NA, 1, 2, 3","Not reported (NA), reported without justification (1), reported and justified without citing source(s) (2), reported and justified with cited source(s) (3)","healthProblem_QOL_link_justif","problemLogicModel_links",NA,TRUE,NA,NA,NA,NA,NA,1,1,1
"32","Justify behavior(s)-problem(s) link(s)","Any explanation of the causal relationship between the undesirable behavior(s) of the target population and the (health) problem(s) of the at-risk population","NA, 1, 2, 3","Not reported (NA), reported without justification (1), reported and justified without citing source(s) (2), reported and justified with cited source(s) (3)","undBeh_healthProb_link_justif","problemLogicModel_links",NA,TRUE,NA,NA,NA,NA,NA,1,1,1
"33","Justify behavior(s)-QOL link(s)","Any explanation of the causal relationship between the undesirable behavior(s) of the target population and the Quality of Life of the at-risk population","NA, 1, 2, 3","Not reported (NA), reported without justification (1), reported and justified without citing source(s) (2), reported and justified with cited source(s) (3)","undBeh_QOL_link_justif","problemLogicModel_links",NA,TRUE,NA,NA,NA,NA,NA,1,1,1
"34","Justify environmental factor(s)-problem(s) link(s) or environmental factor(s)-undesirable behavior(s) link(s)","Any explanation of the causal relationship between the environmental factor(s) and undesirable behavior(s), the health problem(s) or Quality of Life of the at-risk population","NA, 1, 2, 3","Not reported (NA), reported without justification (1), reported and justified without citing source(s) (2), reported and justified with cited source(s) (3)",NA,NA,NA,TRUE,NA,NA,NA,NA,NA,1,1,1
"35","Justify environmental factor(s)-undesirable behavior(s) link(s)","Any explanation of the causal relationship between the environmental factor(s) and the undesirable behavior(s) of the target population","NA, 1, 2, 3","Not reported (NA), reported without justification (1), reported and justified without citing source(s) (2), reported and justified with cited source(s) (3)","targetPop_envFact_undBeh_link_justif","problemLogicModel_links",NA,TRUE,NA,NA,NA,NA,NA,1,1,1
"36","Justify environmental factor(s)-QOL link(s)","Any explanation of the causal relationship between the environmental factor(s) and the undesirable behavior(s) of the target population","NA, 1, 2, 3","Not reported (NA), reported without justification (1), reported and justified without citing source(s) (2), reported and justified with cited source(s) (3)","atRiskPop_envFact_QOL_link_justif","problemLogicModel_links",NA,TRUE,NA,NA,NA,NA,NA,NA,NA,NA
"37","Justify environmental factor(s)-health problem(s) link(s)","Any explanation of the causal relationship between the environmental factor(s) and the undesirable behavior(s) of the target population","NA, 1, 2, 3","Not reported (NA), reported without justification (1), reported and justified without citing source(s) (2), reported and justified with cited source(s) (3)","atRiskPop_envFact_healthProb_link_justif","problemLogicModel_links",NA,TRUE,NA,NA,NA,NA,NA,NA,NA,NA
"38","Identify environmental agent(s) of environmental factor(s) of QOL","Any explanation of why the environmental agent can assert control over the environmental factor(s)","NA, 1, 2, 3","Not reported (NA), reported without justification (1), reported and justified without citing source(s) (2), reported and justified with cited source(s) (3)","atRiskPop_envFact_QOL_agent","atRiskPop_envFact_QOL",NA,TRUE,NA,NA,NA,NA,NA,1,1,1
"39","Identify environmental agent(s) of environmental factor(s) of problem","Any explanation of why the environmental agent can assert control over the environmental factor(s)","NA, 1, 2, 3","Not reported (NA), reported without justification (1), reported and justified without citing source(s) (2), reported and justified with cited source(s) (3)","atRiskPop_envFact_healthProb_agent","atRiskPop_envFact_healthProb",NA,TRUE,NA,NA,NA,NA,NA,1,1,1
"40","Identify environmental agent(s) of environmental factor(s) of undesirable behavior","Any explanation of why the environmental agent can assert control over the environmental factor(s)","NA, 1, 2, 3","Not reported (NA), reported without justification (1), reported and justified without citing source(s) (2), reported and justified with cited source(s) (3)","targetPop_envFact_undBeh_agent","targetPop_envFact_undBeh",NA,TRUE,NA,NA,NA,NA,NA,1,1,1
"41","Assess extent of undesirable behavior in target population","A description of the prevalence, frequency and/or intensity of the undesirable behavior","NA, 1, 2, 3","Not reported (NA), reported without justification (1), reported and justified without citing source(s) (2), reported and justified with cited source(s) (3)","targetPop_undBeh_assess","targetPop_undBeh",NA,TRUE,NA,NA,NA,NA,NA,1,1,1
"42","Assess quality of life of at-risk population","A description of the level of Quality of Life in the at-risk population. This is repeated for each variable that indicates quality of life (see the description).","NA, 1, 2, 3","Not reported (NA), reported without justification (1), reported and justified without citing source(s) (2), reported and justified with cited source(s) (3)","atRiskPop_QOL_assess","atRiskPop_QOL",NA,TRUE,NA,NA,NA,NA,NA,1,1,1
"43","Assess prevalence of problem(s) in at-risk population","A description of the prevalence of the (health) problem(s) of the at-risk population. This is repeated for each health problem (see the description).","NA, 1, 2, 3","Not reported (NA), reported without justification (1), reported and justified without citing source(s) (2), reported and justified with cited source(s) (3)","atRiskPop_healthProb_assess","atRiskPop_healthProb",NA,TRUE,NA,NA,NA,NA,NA,1,1,1
"44","Assess environmental factors contributing to QOL","A description of the state of the environmental factor(s) that contribute to the (health) problem(s) of the at-risk population or to the undesirable behavior(s) of the target population.  This is repeated for each environmental factor (see the description).","NA, 1, 2, 3","Not reported (NA), reported without justification (1), reported and justified without citing source(s) (2), reported and justified with cited source(s) (3)","atRiskPop_envFact_QOL_assess","atRiskPop_envFact_QOL",NA,TRUE,NA,NA,NA,NA,NA,1,1,1
"45","Assess environmental factors contributing to undesirable behavior(s)","A description of the state of the environmental factor(s) that contribute to the (health) problem(s) of the at-risk population or to the undesirable behavior(s) of the target population. This is repeated for each environmental factor (see the description).","NA, 1, 2, 3","Not reported (NA), reported without justification (1), reported and justified without citing source(s) (2), reported and justified with cited source(s) (3)","targetPop_envFact_undBeh_assess","targetPop_envFact_undBeh",NA,TRUE,NA,NA,NA,NA,NA,1,1,1
"46","Assess environmental factors contributing to problem(s)","A description of the state of the environmental factor(s) that contribute to the (health) problem(s) of the at-risk population or to the undesirable behavior(s) of the target population. This is repeated for each environmental factor (see the description).","NA, 1, 2, 3","Not reported (NA), reported without justification (1), reported and justified without citing source(s) (2), reported and justified with cited source(s) (3)","atRiskPop_envFact_healthProb_assess","atRiskPop_envFact_healthProb",NA,TRUE,NA,NA,NA,NA,NA,1,1,1
"47","Community Capacity",NA,NA,NA,"communityCapacity","intervention",NA,NA,NA,NA,NA,NA,NA,NA,NA,NA
"48","Community Capacity Capacity",NA,NA,NA,"communityCapacity_capacity","communityCapacity",NA,NA,NA,NA,NA,NA,NA,NA,NA,NA
"49","Community Capacity Environmental Assets",NA,NA,NA,"communityCapacity_envAssets","communityCapacity",NA,NA,NA,NA,NA,NA,NA,NA,NA,NA
"50","Identify target community capacity","A list of the assets contributing to the capacity of the target population","NA, 1","Not reported (NA), reported (1)","communityCapacity_capacity_def","communityCapacity_capacity",NA,FALSE,NA,NA,NA,NA,NA,NA,NA,NA
"51","Identify target community environmental assets","A list of the assets contributing to the available environmental assets of the target population","NA, 1","Not reported (NA), reported (1)","communityCapacity_envAssets_def","communityCapacity_envAssets",NA,FALSE,NA,NA,NA,NA,NA,NA,NA,NA
"52","Assess capacity of target community","A description of the extent of the capacity of the target population","NA, 1, 2, 3","Not reported (NA), reported without justification (1), reported and justified without citing source(s) (2), reported and justified with cited source(s) (3)","communityCapacity_capacity_assess","communityCapacity_capacity",NA,TRUE,NA,NA,NA,NA,NA,1,1,1
"53","Assess available environmental assets of target community","A description of the ubiquity of each available environmental asset.","NA, 1, 2, 3","Not reported (NA), reported without justification (1), reported and justified without citing source(s) (2), reported and justified with cited source(s) (3)","communityCapacity_envAssets_assess","communityCapacity_envAssets",NA,TRUE,NA,NA,NA,NA,NA,NA,NA,NA
"54","Program Goals",NA,"NA, 1, 2, 3","Not reported (NA), reported without justification (1), reported and justified without citing source(s) (2), reported and justified with cited source(s) (3)","programGoals","intervention",NA,NA,NA,NA,NA,NA,NA,NA,NA,NA
"55","Define program goals","Any listing of the program goals","NA, 1, 2, 3","Not reported (NA), reported without justification (1), reported and justified without citing source(s) (2), reported and justified with cited source(s) (3)","programGoals_def","programGoals",NA,FALSE,NA,NA,NA,NA,NA,NA,NA,NA
"56","Justify program goals","Any explanation of the reasoning underlying each program goal.","NA, 1, 2, 3","Not reported (NA), reported without justification (1), reported and justified without citing source(s) (2), reported and justified with cited source(s) (3)","programGoals_justif","programGoals",NA,TRUE,NA,NA,NA,NA,NA,NA,NA,NA
"57","Define specific program goals","The program goal(s) are specific","NA, 1, 2, 3","Not reported (NA), reported without justification (1), reported and justified without citing source(s) (2), reported and justified with cited source(s) (3)","programGoals_areSpecific","programGoals",NA,TRUE,NA,NA,NA,NA,NA,1,1,1
"58","Define measurable program goals","The program goal(s) are measurable","NA, 1, 2, 3","Not reported (NA), reported without justification (1), reported and justified without citing source(s) (2), reported and justified with cited source(s) (3)","programGoals_areMeasurable","programGoals",NA,TRUE,NA,NA,NA,NA,NA,NA,NA,NA
"59","Define temporally specific program goals","The program goal(s) are temporally specific","NA, 1, 2, 3","Not reported (NA), reported without justification (1), reported and justified without citing source(s) (2), reported and justified with cited source(s) (3)","programGoals_areTempSpec","programGoals",NA,TRUE,NA,NA,NA,NA,NA,NA,NA,NA
"60","Decision regarding evaluation","A decision to evaluate the goals, and either the operationalisations, or a justification as to why the program goals will not be evaluated.","NA, 1","Not reported (NA), reported or present (1)","programGoals_evaluation","programGoals",NA,TRUE,"recursion_evaluation",NA,NA,NA,NA,NA,NA,NA
"61","Generate a logic model of the problem","A logic model of the problem is included. A complete logic model contains all relevant factors the author identified; any omissions are justified","NA, 1, 2","Not reported (NA), reported but incomplete (1), reported and complete (2)","problemLogicModel_generated","problemLogicModel",NA,FALSE,NA,NA,NA,NA,NA,NA,NA,NA
"62",NA,NA,NA,NA,NA,NA,NA,NA,NA,NA,NA,NA,NA,NA,NA,NA
"63","STEP 2",NA,NA,NA,NA,NA,NA,NA,NA,NA,NA,NA,NA,NA,NA,NA
"64","Justify environmental outcome-target population behavior link","Any explanation of the causal relationship between the environmental factor(s) and the desired behavioral outcome(s) of the target population","NA, 1, 2, 3","Not reported (NA), reported without justification (1), reported and justified without citing source(s) (2), reported and justified with cited source(s) (3)",NA,NA,NA,TRUE,NA,NA,NA,NA,NA,NA,NA,NA
"65",NA,NA,NA,NA,NA,NA,NA,NA,NA,NA,NA,NA,NA,NA,NA,NA
"66","Logic model of change",NA,NA,NA,"changeLogicModel","intervention",NA,NA,NA,NA,NA,NA,NA,NA,NA,NA
"67","Desirable outcome for target individual for this intervention",NA,NA,NA,"mainInterventionDesOutcome","changeLogicModel",NA,TRUE,"recursion_desOutcome",NA,NA,NA,NA,NA,NA,NA
"68","Desirable outcome: recursion element",NA,NA,NA,"recursion_desOutcome","recursion",NA,TRUE,"TRUE",NA,NA,NA,NA,NA,NA,NA
"69","Desirable outcome: define","Any definition of the desirable outcome (e.g. health and/or QOL of the at-risk population, realising an environmental outcome, etc)",NA,NA,"recursion_desOutcome_def","recursion_desOutcome",NA,FALSE,NA,NA,NA,NA,NA,NA,NA,NA
"70","Desirable outcome: justify","Justification of how this outcome contributes to a more desirable state of the parent agent (e.g. health of the at-risk individual)",NA,NA,"recursion_desOutcome_justif","recursion_desOutcome",NA,TRUE,NA,NA,NA,NA,NA,NA,NA,NA
"71","Desirable outcome: agent",NA,NA,NA,"recursion_desOutcome_agent","recursion_desOutcome",NA,NA,NA,NA,NA,NA,NA,NA,NA,NA
"72","Desirable outcome: select","Any description of the justification for the selection of environmental/implementation outcomes or agents on the basis of relevance and changeability (note: can be empty for the main intervention outcome, which is implicitly selected)",NA,NA,"recursion_desOutcome_select","recursion_desOutcome",NA,FALSE,NA,NA,NA,NA,NA,NA,NA,NA
"73","Desirable outcome: decision regarding evaluation","A decision to evaluate the desirable outcome, and either the operationalisations, or a justification as to why this desirable outcome will not be evaluated.","NA, 1","Not reported (NA), reported or present (1)","recursion_desOutcome_evaluation","recursion_desOutcome",NA,FALSE,"recursion_evaluation",NA,NA,NA,NA,NA,NA,NA
"74","Agent: define","Any definition of the agent (e.g. target population or environmental agent)",NA,NA,"recursion_desOutcome_agent_def","recursion_desOutcome_agent",NA,FALSE,NA,NA,NA,NA,NA,NA,NA,NA
"75","Desirable outcome: desirable behavior",NA,NA,NA,"recursion_desOutcome_desBeh","recursion_desOutcome",NA,FALSE,NA,NA,NA,NA,NA,NA,NA,NA
"76","Desirable behavior: define","Any description of behavior(s) of the agent (e.g. target population, environmental agent) that are desirable in light of the desirable outcome (e.g. health and/or QOL of the at-risk population, realising an environmental outcome, etc)",NA,NA,"recursion_desOutcome_desBeh_def","recursion_desOutcome_desBeh",NA,FALSE,NA,NA,NA,NA,NA,NA,NA,NA
"77","Decision regarding evaluation","A decision to evaluate this desired behavior, and either the operationalisation, or a justification as to why this objective will not be evaluated.","NA, 1","Not reported (NA), reported or present (1)","recursion_desOutcome_desBeh_evalution","recursion_desOutcome_desBeh",NA,FALSE,"recursion_evaluation",NA,NA,NA,NA,NA,NA,NA
"78","Generate matrix of change objectives","A matrix of change objectives, an excerpt of a matrix with the statement that a complete matrix was generated, or only that statement is included","NA, 1","Not reported (NA), reported (1)","recursion_desOutcome_matrixCO","recursion_desOutcome",NA,TRUE,NA,NA,NA,NA,NA,NA,NA,NA
"79","Performance objectives",NA,NA,NA,"recursion_desOutcome_PO","recursion_desOutcome_desBeh",NA,NA,NA,NA,NA,NA,NA,NA,NA,NA
"80","Define (and select) performance objectives (sub-behaviors) for each behavioral outcome for target population","Any description of sub-behavior(s) (performance objectives) of the target population(s) that are desirable in light of the desired behavioral outcome(s)","NA, 1","Not reported (NA), reported (1)","recursion_desOutcome_PO_def","recursion_desOutcome_PO",NA,FALSE,NA,NA,NA,NA,NA,NA,NA,NA
"81","Justify performance objective-behavior(s) link(s)","Any explanation of the causal relationship between the performance objective(s) and the desirable behavior(s)","NA, 1, 2, 3","Not reported (NA), reported without justification (1), reported and justified without citing source(s) (2), reported and justified with cited source(s) (3)","recursion_desOutcome_PO_justif","recursion_desOutcome_PO",NA,TRUE,NA,NA,NA,NA,NA,NA,NA,NA
"82","Select performance objectives on the basis of relevance and changeability","Any description of the justification for the selection of performance objectives on the basis of relevance and changeability","NA, 1, 2, 3","Not reported (NA), selection reported without justification (1), reported and justified without citing source(s) (2), reported and justified with cited source(s) (3)","recursion_desOutcome_PO_select","recursion_desOutcome_PO",NA,FALSE,NA,NA,NA,NA,NA,NA,NA,NA
"83","Performance objective is formulated according to the definition","The performance objectives is a behavior: an observable activity that individuals need to complete to perform the desired behavior","NA, 1, 2, 3","Unclear or not reported (NA), all reported are incorrect (1), not all are available, or not all are correctly formulated (2), all are available and correct (3)","recursion_desOutcome_PO_formul","recursion_desOutcome_PO",NA,FALSE,NA,NA,NA,NA,NA,NA,NA,NA
"84","Decision regarding evaluation","A decision to evaluate this objective, and either the operationalisation, or a justification as to why this objective will not be evaluated.","NA, 1","Not reported (NA), reported or present (1)","recursion_desOutcome_PO_evalution","recursion_desOutcome_PO",NA,FALSE,"recursion_evaluation",NA,NA,NA,NA,NA,NA,NA
"85","Define environmental outcomes for performance objectives (and then identify agents, behavioral outcomes, performance objectives, etc)","Any description of environmental outcome(s) that contribute to the performance objective(s)","NA, 1","Not reported (NA), reported (1)","recursion_desOutcome_PO_desEnv","recursion_desOutcome_PO",NA,TRUE,"recursion_desOutcome",NA,NA,NA,NA,NA,NA,NA
"86","Determinants",NA,NA,NA,"recursion_desOutcome_det","recursion_desOutcome_PO",NA,TRUE,NA,NA,NA,NA,NA,NA,NA,NA
"87","Define determinants for performance objectives for target population","Any description of determinants that contribute to the performance objective(s) of the target population(s)","NA, 1","Not reported (NA), reported (1)","recursion_desOutcome_det_def","recursion_desOutcome_det",NA,FALSE,NA,NA,NA,NA,NA,NA,NA,NA
"88","Justify determinant-performance objective link(s)","Any explanation of the causal relationship between the determinants and the performance objective(s) of the target population","NA, 1, 2, 3","Not reported (NA), reported without justification (1), reported and justified without citing source(s) (2), reported and justified with cited source(s) (3)","recursion_desOutcome_det_justif","recursion_desOutcome_det",NA,TRUE,NA,NA,NA,NA,NA,NA,NA,NA
"89","Select determinants on the basis of relevance and changeability","Any description of the justification for the selection of determinants on the basis of relevance and changeability","NA, 1, 2, 3","Not reported (NA), selection reported without justification (1), reported and justified without citing source(s) (2), reported and justified with cited source(s) (3)","recursion_desOutcome_det_select","recursion_desOutcome_det",NA,TRUE,NA,NA,NA,NA,NA,NA,NA,NA
"90","Determinant is formulated according to the definition","The determinant is a modifiable psychological variable.","NA, 1, 2, 3","Unclear or not reported (NA), all reported are incorrect (1), not all are available, or not all are correctly formulated (2), all are available and correct (3)","recursion_desOutcome_det_formul","recursion_desOutcome_det",NA,TRUE,NA,NA,NA,NA,NA,NA,NA,NA
"91","Sub-determinants",NA,NA,NA,"recursion_desOutcome_subdet","recursion_desOutcome_det",NA,TRUE,NA,NA,NA,NA,NA,NA,NA,NA
"92","Define specific sub-determinants (e.g. beliefs) for each determinant/performance objective combination","Any description of sub-determinants that comprise/predict the determinants","NA, 1","Not reported (NA), reported (1)","recursion_desOutcome_subdet_def","recursion_desOutcome_subdet",NA,FALSE,NA,NA,NA,NA,NA,NA,NA,NA
"93","Justify sub-determinant-determinant link(s)","Any explanation of the causal relationship between the sub-determinants and the determinants","NA, 1, 2, 3","Not reported (NA), reported without justification (1), reported and justified without citing source(s) (2), reported and justified with cited source(s) (3)","recursion_desOutcome_subdet_justif","recursion_desOutcome_subdet",NA,TRUE,NA,NA,NA,NA,NA,NA,NA,NA
"94","Formulate sub-determinant as change objective","Any formulation of e.g. beliefs as objective to directly target for change in the intervention","NA, 1","Not reported (NA), reported (1)","recursion_desOutcome_subdet_co","recursion_desOutcome_subdet",NA,NA,NA,NA,NA,NA,NA,NA,NA,NA
"95","Change objectives are formulated according to the definition","Each change objective concerns a specification of an aspect of a determinant of a performance objective. Change objectives are formulated as an action that, when exhibited by the target population, evidences the desired value of the sub-determinant (for example, using the action verbs from the IM book). In other words, change objectives are SMART goals that, when achieved, guarantee a relevant change in the corresponding determinant.","NA, 1, 2, 3","Unclear or not reported (NA), all reported are incorrect (1), not all are available, or not all are correctly formulated (2), all are available and correct (3)","recursion_desOutcome_subdet_formul","recursion_desOutcome_subdet",NA,FALSE,NA,NA,NA,NA,NA,NA,NA,NA
"96","Decision regarding evaluation","A decision to evaluate this objective, and either the operationalisation, or a justification as to why this objective will not be evaluated.","NA, 1","Not reported (NA), reported or present (1)","recursion_desOutcome_subdet_evalution","recursion_desOutcome_subdet",NA,TRUE,"recursion_evaluation",NA,NA,NA,NA,NA,NA,NA
"97","Generate a logic model of change","A logic model of the desired behavior is included. A complete logic model contains all relevant factors the author identified; any omissions are justified","NA, 1, 2","Not reported (NA), reported but incomplete (1), reported and complete (2)","changeLogicModel_generated","changeLogicModel",NA,FALSE,NA,NA,NA,NA,NA,NA,NA,NA
"98",NA,NA,NA,NA,NA,NA,NA,NA,NA,NA,NA,NA,NA,NA,NA,NA
"99","STEP 3",NA,NA,NA,NA,NA,NA,NA,NA,NA,NA,NA,NA,NA,NA,NA
"100","Program structure",NA,NA,NA,"programStructure","intervention",NA,NA,NA,NA,NA,NA,NA,NA,NA,NA
"101","Program theme(s)",NA,NA,NA,"programTheme","programStructure",NA,NA,NA,NA,NA,NA,NA,NA,NA,NA
"102","Generate program theme(s)","Any mention of the program theme(s).","NA, 1, 2, 3","Not reported (NA), reported without justification (1), reported and justified without citing source(s) (2), reported and justified with cited source(s) (3)","programTheme_generated","programTheme",NA,FALSE,NA,NA,NA,NA,NA,NA,NA,NA
"103","Discuss program theme(s) with PPG","Any mention of having discussed the theme(s) with the PPG (note: discuss always means that feedback is taken seriously).","NA, 1, 2","Not reported (NA), reported that this was not done (1), reported that this was done (2)","programTheme_discussed","programTheme",NA,FALSE,NA,NA,NA,NA,NA,NA,NA,NA
"104","Program scope",NA,NA,NA,"programScope","programStructure",NA,NA,NA,NA,NA,NA,NA,NA,NA,NA
"105","Generate scope","Any mention of the program scope.","NA, 1, 2, 3","Not reported (NA), reported without justification (1), reported and justified without citing source(s) (2), reported and justified with cited source(s) (3)","programScope_generated","programScope",NA,FALSE,NA,NA,NA,NA,NA,NA,NA,NA
"106","Discuss scope with PPG","Any mention of having discussed the scope with the PPG (note: discuss always means that feedback is taken seriously).","NA, 1, 2","Not reported (NA), reported that this was not done (1), reported that this was done (2)","programScope_discussed","programScope",NA,FALSE,NA,NA,NA,NA,NA,NA,NA,NA
"107","Program sequence",NA,NA,NA,"programSequence","programStructure",NA,NA,NA,NA,NA,NA,NA,NA,NA,NA
"108","Generate sequence","Any mention of the program sequence.","NA, 1, 2, 3","Not reported (NA), reported without justification (1), reported and justified without citing source(s) (2), reported and justified with cited source(s) (3)","programSequence_generated","programSequence",NA,FALSE,NA,NA,NA,NA,NA,NA,NA,NA
"109","Discuss sequence with PPG","Any mention of having discussed the sequence with the PPG (note: discuss always means that feedback is taken seriously).","NA, 1, 2","Not reported (NA), reported that this was not done (1), reported that this was done (2)","programSequence_discussed","programSequence",NA,FALSE,NA,NA,NA,NA,NA,NA,NA,NA
"110","Program delivery channel(s) and vehicle(s)",NA,NA,NA,"programChannelVehicles","programStructure",NA,NA,NA,NA,NA,NA,NA,NA,NA,NA
"111","Select delivery channel(s) and vehicle(s)","Any mention of the delivery channels and vehicles.","NA, 1, 2, 3","Not reported (NA), reported without justification (1), reported and justified without citing source(s) (2), reported and justified with cited source(s) (3)","programChannelVehicles_selected","programChannelVehicles",NA,FALSE,NA,NA,NA,NA,NA,NA,NA,NA
"112","Discuss delivery channel(s) and vehicle(s) with PPG","Any mention of having discussed the channel/vehicles with the PPG (note: discuss always means that feedback is taken seriously).","NA, 1, 2, 3","Not reported (NA), reported without justification (1), reported and justified without citing source(s) (2), reported and justified with cited source(s) (3)","programChannelVehicles_discussed","programChannelVehicles",NA,NA,NA,NA,NA,NA,NA,NA,NA,NA
"113","Program components",NA,NA,NA,"programComponents","programStructure",NA,NA,NA,NA,NA,NA,NA,NA,NA,NA
"114","Program component",NA,NA,NA,"programComponent","programComponents",NA,NA,NA,NA,NA,NA,NA,NA,NA,NA
"115","Generate components","Any mention of the components.","NA, 1, 2, 3","Not reported (NA), reported without justification (1), reported and justified without citing source(s) (2), reported and justified with cited source(s) (3)","programComponent_generated","programComponent",NA,FALSE,NA,NA,NA,NA,NA,NA,NA,NA
"116","Discuss components with PPG","Any mention of having discussed the components with the PPG (note: discuss always means that feedback is taken seriously).","NA, 1, 2","Not reported (NA), reported that this was not done (1), reported that this was done (2)","programComponents_discussed","programComponents",NA,FALSE,NA,NA,NA,NA,NA,NA,NA,NA
"117","Method for change at the individual level",NA,NA,NA,"recursion_desOutcome_det_methodInd","recursion_desOutcome_det",NA,NA,NA,NA,NA,NA,NA,NA,NA,NA
"118","Identify and select methods of behavior change at the individual level for each determinant (that is, for all determinants that are associated to at least one performance objective of at least one behavioral outcome of at least one target population)","Any mention of the selected methods.","NA, 1, 2, 3","Not reported (NA), reported without justification (1), reported and justified without citing source(s) (2), reported and justified with cited source(s) (3)","recursion_desOutcome_det_methodInd_selected","recursion_desOutcome_det_methodInd",NA,TRUE,NA,NA,NA,NA,NA,NA,NA,NA
"119","For each method of behavior change targeting the target population, justify its implied potential to change the determinant(s) it targets","Any justification of this implied potential.","NA, 1, 2","Not reported (NA), reported and justified without citing source(s) (1), reported and justified with cited source(s) (2)","recursion_desOutcome_det_methodInd_justif","recursion_desOutcome_det_methodInd",NA,TRUE,NA,NA,NA,NA,NA,NA,NA,NA
"120","Method for change at an environmental level",NA,NA,NA,"recursion_desOutcome_det_methodEnv","recursion_desOutcome_PO",NA,NA,NA,NA,NA,NA,NA,NA,NA,NA
"121","Identify and select methods of behavior change for each determinant (that is, for all determinants that are associated to at least one performance objective of at least one behavioral outcome of at least one target population)","Any mention of the selected methods.","NA, 1, 2, 3","Not reported (NA), reported without justification (1), reported and justified without citing source(s) (2), reported and justified with cited source(s) (3)","recursion_desOutcome_det_methodEnv_selected","recursion_desOutcome_det_methodEnv",NA,TRUE,NA,NA,NA,NA,NA,NA,NA,NA
"122","For each method of behavior change targeting an environmental agent, justify its implied potential to change the determinant(s) it targets at the corresponding environmental level","Any justification of this implied potential. Note that for environmental methods, the determinants are not required.","NA, 1, 2","Not reported (NA), reported and justified without citing source(s) (1), reported and justified with cited source(s) (2)","recursion_desOutcome_det_methodEnv_justif","recursion_desOutcome_det_methodEnv",NA,TRUE,NA,NA,NA,NA,NA,NA,NA,NA
"123","Translate each method of behavior change at the individual level to a practical application","Explanation of how the method is translated to one or more practical application(s)","NA, 1","Not reported (NA), reported (1)","recursion_desOutcome_det_methodInd_translat","recursion_desOutcome_det_methodInd_toApplic",NA,TRUE,NA,NA,NA,NA,NA,NA,NA,NA
"124","Translate each method of behavior change at the environmental level to a practical application","Explanation of how the method is translated to one or more practical application(s)","NA, 1","Not reported (NA), reported (1)","recursion_desOutcome_det_methodEnv_translat","recursion_desOutcome_det_methodEnv_toApplic",NA,TRUE,NA,NA,NA,NA,NA,NA,NA,NA
"125","In each application, take into account population, cultural, and contextual factors","Any mention of taking into account population, cultural, and contextual factors.","NA, 1, 2, 3","Not reported (NA), reported without justification (1), reported and justified without citing source(s) (2), reported and justified with cited source(s) (3)","recursion_desOutcome_det_methodInd_context","recursion_desOutcome_det_methodInd_toApplic",NA,TRUE,NA,NA,NA,NA,NA,NA,NA,NA
"126","In each application, take into account population, cultural, and contextual factors","Any mention of taking into account population, cultural, and contextual factors.","NA, 1, 2, 3","Not reported (NA), reported without justification (1), reported and justified without citing source(s) (2), reported and justified with cited source(s) (3)","recursion_desOutcome_det_methodEnv_context","recursion_desOutcome_det_methodEnv_toApplic",NA,TRUE,NA,NA,NA,NA,NA,NA,NA,NA
"127","Translate methods at the individual level to application",NA,NA,NA,"recursion_desOutcome_det_methodInd_toApplic","recursion_desOutcome_det_methodInd",NA,NA,NA,NA,NA,NA,NA,NA,NA,NA
"128","For each method at the individual level, list the parameters for use.","Any list of parameters, or an explanation as to why a method has not parameters (i.e. always works)","NA, 1, 2, 3","Not reported (NA), reported without justification (1), reported and justified without citing source(s) (2), reported and justified with cited source(s) (3)","recursion_desOutcome_det_methodInd_params_list","recursion_desOutcome_det_methodInd_toApplic",NA,TRUE,NA,NA,NA,NA,NA,NA,NA,NA
"129","For each application, take into account the parameters for use of the method corresponding to that application","Any explanation of how each parameter of each method is satisfied in the corresponding application","NA, 1, 2, 3","Not reported (NA), reported without justification (1), reported and justified without citing source(s) (2), reported and justified with cited source(s) (3)","recursion_desOutcome_det_methodInd_params_apply","recursion_desOutcome_det_methodInd_toApplic",NA,TRUE,NA,NA,NA,NA,NA,NA,NA,NA
"130","Parameters for use for methods at an environmental level",NA,NA,NA,"recursion_desOutcome_det_methodEnv_toApplic","recursion_desOutcome_det_methodEnv",NA,NA,NA,NA,NA,NA,NA,NA,NA,NA
"131","For each method at the environmental level, list the parameters for use.","Any list of parameters, or an explanation as to why a method has not parameters (i.e. always works)","NA, 1, 2, 3","Not reported (NA), reported without justification (1), reported and justified without citing source(s) (2), reported and justified with cited source(s) (3)","recursion_desOutcome_det_methodEnv_params_list","recursion_desOutcome_det_methodEnv_toApplic",NA,TRUE,NA,NA,NA,NA,NA,NA,NA,NA
"132","For each application, take into account the parameters for use of the method corresponding to that application","Any explanation of how each parameter of each method is satisfied in the corresponding application","NA, 1, 2, 3","Not reported (NA), reported without justification (1), reported and justified without citing source(s) (2), reported and justified with cited source(s) (3)","recursion_desOutcome_det_methodEnv_params_apply","recursion_desOutcome_det_methodEnv_toApplic",NA,TRUE,NA,NA,NA,NA,NA,NA,NA,NA
"133","Ensure that every change objective is covered in at least one application, and targeted by at least one method","Any indication that this was done, or the complete consistency of targeted change objectives and the change objectives in the matrices.","NA, 1","Not reported (NA), reported or present (1)","recursion_desOutcome_subdet_methodCheck","recursion_desOutcome_subdet",NA,FALSE,NA,NA,NA,NA,NA,NA,NA,NA
"134",NA,NA,NA,NA,NA,NA,NA,NA,NA,NA,NA,NA,NA,NA,NA,NA
"135",NA,NA,NA,NA,NA,NA,NA,NA,NA,NA,NA,NA,NA,NA,NA,NA
"136",NA,NA,NA,NA,NA,NA,NA,NA,NA,NA,NA,NA,NA,NA,NA,NA
"137",NA,NA,NA,NA,NA,NA,NA,NA,NA,NA,NA,NA,NA,NA,NA,NA
"138","STEP 4",NA,NA,NA,NA,NA,NA,NA,NA,NA,NA,NA,NA,NA,NA,NA
"139","Review, reconsider, and potentially refine program structure and organization","Any indication that the theme(s), scope, sequence, and components were reviewed to make sure they still match with the methods, applications, and parameters","NA, 1","Not reported (NA), reported or present (1)","programStructure_reconsidered","programStructure",NA,FALSE,NA,NA,NA,NA,NA,NA,NA,NA
"140","Implementation",NA,NA,NA,"implementation","intervention",NA,NA,NA,NA,NA,NA,NA,NA,NA,NA
"141","Adopters",NA,NA,NA,"implementation_adopters","implementation",NA,NA,NA,NA,NA,NA,NA,NA,NA,NA
"142","Identify relevant adopters","Any indication that effort was invested to identify one or more adopters","NA, 1, 2, 3","Not reported (NA), reported as untrue without justification (1), reported as untrue and justified (2), reported as true (3)","implementation_adopters_identify","implementation_adopters",NA,FALSE,NA,NA,NA,NA,NA,NA,NA,NA
"143","Discuss program with adopters","Any mention of having discussed the program with the adopters (or with the PPG; note: discuss always means that feedback is taken seriously).","NA, 1, 2","Not reported (NA), reported that this was not done (1), reported that this was done (2)","implementation_adopters_discuss","implementation_adopters",NA,NA,NA,NA,NA,NA,NA,NA,NA,NA
"144","Implementers",NA,NA,NA,"implementation_implementers","implementation",NA,NA,NA,NA,NA,NA,NA,NA,NA,NA
"145","Identify relevant implementers","Any indication that effort was invested to identify one or more implementers","NA, 1, 2, 3","Not reported (NA), reported as untrue without justification (1), reported as untrue and justified (2), reported as true (3)","implementation_implementers_identify","implementation_implementers",NA,NA,NA,NA,NA,NA,NA,NA,NA,NA
"146","Discuss program with implementers","Any mention of having discussed the program with the implementers (or with the PPG; note: discuss always means that feedback is taken seriously).","NA, 1, 2","Not reported (NA), reported that this was not done (1), reported that this was done (2)","implementation_implementers_discuss","implementation_implementers",NA,NA,NA,NA,NA,NA,NA,NA,NA,NA
"147","Maintainers",NA,NA,NA,"implementation_maintainers","implementation",NA,NA,NA,NA,NA,NA,NA,NA,NA,NA
"148","Identify relevant maintainers","Any indication that effort was invested to identify one or more maintainers","NA, 1, 2, 3","Not reported (NA), reported as untrue without justification (1), reported as untrue and justified (2), reported as true (3)","implementation_maintainers_identify","implementation_maintainers",NA,NA,NA,NA,NA,NA,NA,NA,NA,NA
"149","Discuss program with maintainers","Any mention of having discussed the program with the maintainers (or with the PPG; note: discuss always means that feedback is taken seriously).","NA, 1, 2","Not reported (NA), reported that this was not done (1), reported that this was done (2)","implementation_maintainers_discuss","implementation_maintainers",NA,NA,NA,NA,NA,NA,NA,NA,NA,NA
"150","Draft program messages on the basis of the change objectives","Any indication that the program messages (content) were based on the change objectives.","NA, 1","Not reported (NA), reported or present (1)","programMessages","programStructure",NA,FALSE,NA,NA,NA,NA,NA,NA,NA,NA
"151","Ensure that every change objective is covered in the program messages","Any indication that this was done","NA, 1","Not reported (NA), reported or present (1)","recursion_desOutcome_subdet_messageCheck","recursion_desOutcome_subdet",NA,FALSE,NA,NA,NA,NA,NA,NA,NA,NA
"152","Generate design documents combining the messages with the components","Any indication that this was done","NA, 1","Not reported (NA), reported or present (1)","designDocuments","programStructure",NA,FALSE,NA,NA,NA,NA,NA,NA,NA,NA
"153","Identify existing programs and materials (and the components making up those programs), and adapt components to re-use if necessary","Any indication that existing materials were explored and adapted conform IM (e.g. verify that the methods can change relevant determinants, are applied correctly, and fit with the present intervention)","NA, 1","Not reported (NA), reported or present (1)","existingMaterialsIdentified","programComponents",NA,FALSE,NA,NA,NA,NA,NA,NA,NA,NA
"154","Supervise program production, guarding change objectives, parameters, messages, etc","Any indication that during the supervision of the program production, the fidelity of the change objectives, parameters and messages was monitored and guarded.","NA, 1","Not reported (NA), reported or present (1)","superviseProduction","programComponents",NA,FALSE,NA,NA,NA,NA,NA,NA,NA,NA
"155","Component theoretical conditions for effectiveness",NA,NA,NA,"programComponent_theoryCond","programComponent",NA,NA,NA,NA,NA,NA,NA,NA,NA,NA
"156","Component change objectives",NA,NA,NA,"programComponent_CO","programComponent",NA,NA,NA,NA,NA,NA,NA,NA,NA,NA
"157","Verify that parameters of use for the methods for behavior change are still satisfied in each component.","Any indication that this was done","NA, 1","Not reported (NA), reported or present (1)","programComponent_theoryCond_verify","programComponent_theoryCond",NA,FALSE,NA,NA,NA,NA,NA,NA,NA,NA
"158","Select theoretical conditions (satisfaction of the parameters of use, usability, and comprehension) for effectiveness for each component to pretest.","Any indication that this was done","NA, 1, 2, 3","Not reported (NA), reported without justification (1), reported and justified without citing source(s) (2), reported and justified with cited source(s) (3)","programComponent_theoryCond_pretest_select","programComponent_theoryCond",NA,FALSE,NA,NA,NA,NA,NA,NA,NA,NA
"159","Define change objectives for each component to pretest","Any indication that this was done","NA, 1, 2, 3","Not reported (NA), reported without justification (1), reported and justified without citing source(s) (2), reported and justified with cited source(s) (3)","programComponent_CO_pretest_select","programComponent_CO",NA,FALSE,NA,NA,NA,NA,NA,NA,NA,NA
"160","Evaluate (pretest) change objectives in each component","Any indication that this was done","NA, 1, 2, 3","Not reported (NA), reported without justification (1), reported and justified without citing source(s) (2), reported and justified with cited source(s) (3)","programComponent_CO_pretest_evaluate","programComponent_CO",NA,TRUE,"recursion_evaluation",NA,NA,NA,NA,NA,NA,NA
"161","Evaluate (pretest) theoretical conditions for effectiveness of each component (e.g. satisfaction of the parameters of use, usability, and comprehension)","Any indication that this was done","NA, 1","Not reported (NA), reported or present (1)","programComponent_theoryCond_pretest_methodol","programComponent_theoryCond",NA,TRUE,"recursion_evaluation",NA,NA,NA,NA,NA,NA,NA
"162","Review, reconsider, and potentially revise components as needed","Any indication that revision was not necessary or that components were revised","NA, 1","Not reported (NA), reported or present (1)","programComponents_reconsider","programComponents",NA,FALSE,NA,NA,NA,NA,NA,NA,NA,NA
"163","Produce documentation to enable accurate implementation of the intervention (thereby enabling others to accurately replicate the intervention)","Any mention of or link to such documentation","NA, 1","Not reported (NA), reported or present (1)","implementation_documentation","implementation",NA,FALSE,NA,NA,NA,NA,NA,NA,NA,NA
"164",NA,NA,NA,NA,NA,NA,NA,NA,NA,NA,NA,NA,NA,NA,NA,NA
"165","STEP 5",NA,NA,NA,NA,NA,NA,NA,NA,NA,NA,NA,NA,NA,NA,NA
"166","Identify relevant implementers, adopters, and maintainers (potentially adding them to the PPG)","Any indication that effort was invested to identify one or more adopters, implementers and maintainers.","NA, 1, 2, 3","Not reported (NA), reported as untrue without justification (1), reported as untrue and justified (2), reported as true (3)","implementation_identification","implementation",NA,FALSE,NA,NA,NA,NA,NA,NA,NA,NA
"167","Define implementation, adoption, maintenance outcomes (and then identify agents, behavioral outcomes, performance objectives, etc)","Any description of environmental outcome(s) that contribute to the performance objective(s)","NA, 1","Not reported (NA), reported (1)","implementation_implementer","implementation",NA,TRUE,"recursion_desOutcome",NA,NA,NA,NA,NA,NA,NA
"168","PPG contains diverse perspectives from the implementers","Any indication that effort was invested to prevent the PPG from only containing people that are very positively indisposed towards the intervention (e.g. people who proactively offer their participation, such as very enthusiastic volunteers).","NA, 1, 2, 3","Not reported (NA), reported as untrue without justification (1), reported as untrue and justified (2), reported as true (3)","diversePerspectives_implementation","expertise",NA,FALSE,NA,NA,NA,NA,NA,1,1,1
"169",NA,NA,NA,NA,NA,NA,NA,NA,NA,NA,NA,NA,NA,NA,NA,NA
"170","STEP 6",NA,NA,NA,NA,NA,NA,NA,NA,NA,NA,NA,NA,NA,NA,NA
"171","Evaluation: recursion element",NA,NA,NA,"recursion_evaluation","recursion",NA,TRUE,"TRUE",NA,NA,NA,NA,NA,NA,NA
"172","Evaluation: operationalisation","Select the operationalisation(s) that will be used, for example questionnaires.",NA,NA,"recursion_evaluation_operationalisation","recursion_evaluation",NA,FALSE,NA,NA,NA,NA,NA,NA,NA,NA
"173","Evaluation: select data provider for this operationalisation","Indicate who provides the data for this operationalisation. For example, if the operationisation is a questionnaire measuring an environmental agents performance objectives, the questionnaire could be given to the environmental agents themselves (in which case they themselves would be the data provider), or to somebody in their environment, e.g. their manager, in which case that manager would be the data provider.",NA,NA,"recursion_evaluation_dataProvider","recursion_evaluation",NA,FALSE,NA,NA,NA,NA,NA,NA,NA,NA
"174","Evaluation: select methodology","Select which methodology will be used; note that many operationalisations will normally be applied in the same methodology.",NA,NA,"recursion_evaluation_methodology","recursion_evaluation",NA,FALSE,NA,NA,NA,NA,NA,NA,NA,NA
"175","Evaluation: execute evaluation","Collect, analyse, and interpret the data",NA,NA,"recursion_evaluation_execution","recursion_evaluation",NA,FALSE,NA,NA,NA,NA,NA,NA,NA,NA
"176","Evaluation: justification for not evaluating","If this will not be evaluated, that decision has to be justified.",NA,NA,"recursion_evaluation_justification_noEvaluation","recursion_evaluation",NA,FALSE,NA,NA,NA,NA,NA,NA,NA,NA
"177",NA,NA,NA,NA,NA,NA,NA,NA,NA,NA,NA,NA,NA,NA,NA,NA
"178","OVERARCHING",NA,NA,NA,NA,NA,NA,NA,NA,NA,NA,NA,NA,NA,NA,NA
"179","Use the core processes","Any indication that the core processes were correctly applied. This can be coded either if correct use of core processes is explicitly claimed/stated, or if there are indications that all core processes (brainstorming, consulting the literature, using theory, and collecting additional data) were applied.","NA, 1","Not reported (NA), reported (1)","coreProcesses","intervention",NA,FALSE,NA,NA,NA,NA,NA,NA,NA,NA
